Serial-number, Stations,               Category,  Transmitter,  Fequency, Studio
1,     ADILABAD,                       LRS,         1 kW MW,                            1485 khz,     MP
2,     ANANTAPUR,                      LRS,         6 KW FM,                            101.7 Mhz,    MP
3,     CUDDAPAH,                         ,          100 KW MW,                          900 khz,     TYPE I
4,     HYDERABAD,                        ,          200 kW MW,                          738 khz,     TYPE IV-UPLINK-RNU
5,     KARIMNAGAR,                     RELAY,          5 KW FM,                         102.3 MHz,     
6,     KOTHAGUDAM,                     ,            6 KW FM ,                         100.1 Mhz ,    MP
7,     KURNOOL,                        LRS,           6 KW FM,                            102.4 Mhz,     MP
8,     MACHERLA,                       ,            3 KW FM ,                           103.1 MHz  ,   
9,     MERKAPURAM,                     LRS,           6 KW FM,                            101.5 Mhz,     MP
10,     NIZAMABAD,                      LRS,          6 KW FM,                            103.2 Mhz,     MP
11,     NELLORE,                        RELAY,        100 W FM,                            101.1MHz,     DTHTelegu
12,     ONGOLE,                         RELAY,       100 W FM ,                           100.6MHz ,    DTHTelegu
13,     TIRUPATHI,                      LRS,         10 KW FM ,                          103.2 Mhz ,    MP
16,     WARANGAL,                       LRS,         10 KW FM ,                           103.5 Mhz,    MP
17,     SURYAPET,                       RELAY,       1 KW FM  ,                          101.0 MHz ,   
18,     KAMMAREDDY,                     LPT RELAY,   100 W FM ,                          100.1 MHZ , 
19,     BANSWADA,                      LPT RELAY,   100 W FM  ,                         100.1 MHZ  ,  
20,     NANDYAL,                        LPT RELAY,   100 W FM ,                          100.1 MHZ ,   
21,     ADONI,                          LPT RELAY,   100 W FM ,                          100.1 MHZ , 
22,     KAKINADA,                       LPT RELAY,   100 W FM ,                          100.1 MHZ ,  
23,     MEHBOOBNAGAR,                   RELAY,       10 kW FM ,                          101.2 MHZ ,    On Low Power Pending Installation of
24,     SRIKAKULAM,                     RELAY,       1 kW FM   ,                         102.7 Mhz  ,
25,     KHAMMAM,                        LPT RELAY,   100 W FM ,                          100.1 MHZ ,    DTHTelegu
26,     ITANAGAR,                        ,          100 KW MW ,                          675 khz   ,   TYPE I-UPLINK-RNU
27,     PASSIGHAT,                       ,           10 KW MW ,                            1062 khz,    MP
28,     TAWANG,                          ,           10 KW MW ,                           1521 khz ,   MP
29,     TEZU,                            ,          10 KW MW  ,                           1332 khz ,   MP
30,     ZIRO,                           LRS,         1 KW MW  ,                            1602 khz,    MP
31,     ZEMITHANG,                      LPT RELAY,   100 W FM ,                           100.1Mhz,
32,     KALAKTANG,                      LPT RELAY,   100 W FM ,                           100.1Mhz,
33,     BOMDILA,                        LPT RELAY,   100 W FM ,                           100.1Mhz,
34,     TALIHA,                         LPT RELAY,   100 W FM ,                           100.1Mhz,
35,     SEPPA,                          LPT RELAY,   100 W FM ,                           100.1Mhz,
36,     BASAR,                          LPT RELAY,   100 W FM ,                           100.1Mhz,
37,     ALONG,                          LPT RELAY,   100 W FM ,                           100.1Mhz,
38,     MIAO,                           LPT RELAY,   100 W FM ,                           100.1Mhz,
39,     ROING,                          LPT RELAY,   100 W FM ,                           100.1Mhz,
40,     HUNLI,                          LPT RELAY,   100 W FM ,                           100.1Mhz,
41,     YOMCHA,                         LPT RELAY,   100 W FM ,                           100.1Mhz,
42,     NAMSAI,                         LPT RELAY,   100 W FM ,                           100.1Mhz,
43,     HAWAI,                          LPT RELAY,   100 W FM ,                           100.1Mhz,
44,     GEKU,                           LPT RELAY,   100 W FM ,                           100.1Mhz,
45,    DEOMALI,                        LPT RELAY,   100 W FM  ,                          100.1Mhz,
46,     DHUBRI,                         RELAY,       6 KW FM  ,                          103.3 Mhz,
47,     DIBRUGARH,                           ,       300 KW MW,                            567 khz, TYPE III RNU
48,     DIPHU,                  LRS,         1 kW MW ,                            1485 khz, MP
49,     GUWAHATI,                  ,         100 KW MW ,                           729 khz, TYPE IV  UPLINK RNU NOP
51,     JORHAT,                 LRS,         10 KW FM ,                         103.4 Mhz,    MP
52,     KOKRAJHAR,                 ,         20 kW MW ,                           1512 khz,   TYPE I
53,     NOWGONG,                LRS,         6 KW FM  ,                         102.7 Mhz,    MP
54,     SILCHAR,                   ,         20 KW MW ,                            828 khz,   TYPE I RNU
55,     TEZPUR,                    ,         20 kW MW ,                           1125 khz,   MP
56,     MARGHERITA,             LPT Relay,   100 W FM ,                          100.1Mhz,
57,     TINSUKIA,               LPT Relay,   100 W FM ,                          100.1Mhz,
58,     NAZIRA,                 LPT Relay,   100 W FM ,                          100.1Mhz,
59,     NORTH LAKHIMPUR,        LPT Relay,   100 W FM ,                          100.1Mhz,
60,    BHAGALPUR,                        ,  20 kW MW  ,                        1458 khz  ,   TYPE I
61,     DARBHANGA,                       ,   20 KW MW ,                         1296 khz ,    TYPE I
62,     GAYA,                   RELAY,       100 W FM ,                          11.9MHz ,    VB
63,     PATNA,                       ,       100 KW MW ,                          621 khz ,   TYPE IV Uplink News on Phone RNU
64,     PURNEA,                 LRS,        6 KW FM    ,                       102.3 Mhz  ,  MP
65,     SITAMARHI,              RELAY,       100 W FM  ,                          102MHz  ,   VB
66,     SASARAM,                LRS,         6 KW FM   ,                        103.4 Mhz ,   MP
67,     AURANGABAD,             LPT RELAY,   100 W FM  ,                        102.4 Mhz,
68,     MUZAFFARPUR,            LPT RELAY,   100 W FM  ,                       100.1 mhZ,
69,     BETTIAH,                LPT RELAY,   100 W FM  ,                       100.1 mhZ,
70,     MOTIHARI,               LPT RELAY,   100 W FM  ,                       100.1 mhZ,
71,     MADHUBANI,              LPT RELAY,   100 W FM  ,                       100.1 mhZ,
72,     FORBESGANJ,             LPT RELAY,   100 W FM  ,                       100.1 mhZ,
73,     KISHAN GANJ,            RELAY,       100 W FM  ,                        100.1 Mhz,
74,     SUPAUL,                 RELAY,       100 W FM  ,                        100.1 Mhz,
75,     AMBIKAPUR,                   ,       20 kW MW  ,                        1260 khz  ,   TYPE I
76,     BILASPUR,               LRS,         6 KW FM   ,                       103.2 Mhz  ,  MP
77,     JAGDALPUR,                 ,         100 KW MW ,                         756 khz  ,   TYPE I
78,    RAIGARH,                LRS,         6 KW FM    ,                      100.7 Mhz   ,  MP
79,     RAIPUR,                   ,          100 KW MW ,                         981 khz  ,   TYPE I  Uplink NoP RNU
80,     SARAIPALLI,             LRS,         1 KW FM   ,                       102.8 Mhz  ,   MP
81,     MANINDRAGARH,           LPT RELAY,   100 W FM  ,                   100.1MHz,
82,     KONTA,                  LPT RELAY,   100 W FM  ,                   100.1MHz,
83,     KHAROD,                 LPT RELAY,   100 W FM  ,                   100.1MHz,
84,     KORBA,                  LPT RELAY,   100 W FM  ,                   100.1MHz,
85,     PANDARIA,               LPT RELAY,   100 W FM  ,                   100.1MHz,
86,     KANKER,                 LPT RELAY,   100 W FM  ,                   100.1MHz,
87,     DONGARGARH,             LPT RELAY,   100 W FM  ,                   100.1MHz,
88,     DELHI [1],                       ,   200 KW MW 'A' ,                      819 khz, TYPE IV Plus UPLINK
89,     PANAJI,                          ,           100 KW MW ,                         1287 khz, TYPE III RNU
90,     AHMEDABAD,                       ,           200 KW MW ,                          846 khz, TYPE IVUplinkNews on Phone RNU
91,     AHWA,                            ,           1 kW MW   ,                         1485 khz,   MP
92,     BHUJ,                            ,           20 kW MW  ,                         1314 khz,   TYPE II RNU
93,     GODHRA,                         LRS,         6 KW FM   ,                        102.2 Mhz,   MP
94,     RAJKOT,                            ,         300 KW MW ,                          810 khz,   TYPE III
95,    SURAT,                          LRS,         10 KW FM VB,                     101.1 Mhz,    MP
96,    VADODRA,                        VB EXCL,    10 KW FM    ,                      93.9 Mhz,    TYPE II & STEREO
97,    HIMMATNAGAR,                    LRS,         1 kW MW    ,                       1584 khz,    MP
98,    MEHSANA,                        LPT RELAY,   100 W FM   ,                      100.1 Mhz,
99,    BHAVNAGAR,                      LPT RELAY,   100 W FM   ,                      100.1 Mhz,
100,    BHARUCH,                        LPT RELAY,   100 W FM  ,                       100.1 Mhz,
101,    JAMNAGAR,                       LPT RELAY,   100 W FM  ,                       100.1 Mhz,
102,    PORBANDAR,                      LPT RELAY,   100 W FM  ,                       100.1 Mhz,
103,    DWARKA,                         LPT RELAY,   100 W FM  ,                       100.1 Mhz,
104,    JUNAGARH,                       RELAY,       10 kW FM  ,                      101.7 MHz,    Playback with Voiceover recording & field
105,    HISSAR,                         LRS,         6 KW FM   ,                        102.3 Mhz,   MP
106,    KURUKSHETRA,                    LRS,         10 KW FM  ,                        101.4 Mhz,   MP
107,    ROHTAK,                            ,         20 kW MW  ,                         1143 khz,   TYPE III UPLINK
108,    SIRSA,                          LPT RELAY,   100 W FM  ,                         101 MHz,
109,    AMBALA,                         LPT RELAY,   100 W FM  ,                         101 MHz,
110,    BHARMOUR,                       LPT RELAY,   100 W FM  ,                        101.3 Mhz,
111,    DHARMSHALA,                              ,   10 KW FM  ,                        103.4 Mhz, MP
112,    HAMIRPUR,                       LRS,         6 KW FM   ,                        101.8 Mhz, MP
113,    KASAULI,                        RELAY,       10 KW FM  ,                        107.2 Mhz,
114,    KINNAUR(KALPA),                 RELAY,       1 kW MW   ,                         1584 khz,
115,    KULLU,                          RELAY,       6 KW FM   ,                        102.5 Mhz,
116,    SHIMLA,                              ,       100 KW MW ,                          774 khz, TYPE III  UPLINK RNUNOP
117,    KEYLONG,                        LPT RELAY,   100 W   FM ,                  100.4 Mhz,
118,    RAMPUR,                         RELAY,       100 W   FM ,                  100.1 Mhz,
119,    BERTHEIN,                       RELAY,       100 W   FM ,                  100.1 MHz,
120,    MANDI,                          RELAY,       100 W   FM ,                  100.1 MHz,
121,    BILASPUR,                       RELAY,       100 W   FM ,                  100.1 Mhz,
122,    SUNDER NAGAR,                   RELAY,       100 W   FM ,                  100.1 MHz,
123,    MANALI,                         RELAY,       100 W   FM ,                  100.1 MHz,
124,    CHAMBA,                         RELAY,       100 W   FM ,                  100.1 MHz,
125,    CHAURIKHAS,                     RELAY,       100 W   FM ,                  100.1 MHz,
126,    JAMMU,                               ,       300 KW MW  ,                         990 khz, TYPE III UPLINK RNU
127,    KARGIL,                              ,       1 kW MW    ,                        1584 khz, MP
128,     KATHUA,              LRS,         10 KW FM             ,             102.2 Mhz, MP
129,     LEH,                    ,         20 KW MW             ,              1053 khz, MP UPLINK RNU
130,     POONCH,              LRS,         6 KW FM              ,            100.7 Mhz, MP
131,     SRINAGAR,               ,         300 KW MW            ,             1116 khz, TYPE IV UPLINK RNU
132,     BHADARWAH,              ,         6 KW FM              ,            101.0 Mhz,     MP
133,     KUPWARA,             RELAY,       20 kW MW             ,              1350 khz,
134,     KHALSI,              RELAY,       1 kW MW              ,              1485 khz,
135,     NAUSHERA,            RELAY,       20 KW MW             ,              1089 khz,
136,     RAJOURI,             RELAY,       10 KW FM             ,            101.9 Mhz,
137,     DRASS,               RELAY,       1 KW MW              ,              1485 khz,
138,     TIESURU,             RELAY,       1 KW MW              ,              1602 khz,
139,     NYOMA,               RELAY,       1 kW MW              ,              1485 khz,
140,     DISKIT,              RELAY,       1 KW MW              ,              1602 khz,
141,     PADUM,               RELAY,       1 KW MW              ,             1584 KHz,
142,    TITHWAL,             RELAY,      100 W FM               ,           102.3MHz,     VB
143,     URI,                 RELAY,       100 W FM             ,            100.1 MHz,
144,     MANGLADEVI FORT,     RELAY,       100 W FM             ,             100.1MHz,
145,     UDHAMPUR,            RELAY,       100 W FM             ,            103.1 MHz,
146,     GUREJ,               RELAY,       100 W FM             ,             100.5MHz,     VB
147,     TRAL,                RELAY,       100 W FM             ,             100.1MHz,     VB
148,     BIMBARGALLI,         RELAY,       100 W FM             ,             100.1MHz,
149,     PAHALGAM,            RELAY,       100 W FM             ,             100.1MHz,     VB
150,     CHAIBASA,            LRS,       6 KW FM                ,           101.7 Mhz,    MP
151,     DALTONGANJ,          LRS,       10 KW FM               ,             103 Mhz,    MP
152,     HAJARIBAGH,          LRS,       6 KW FM                ,           102.1 Mhz,    MP
153,     JAMSHEDPUR,             ,       1 kW MW                ,            1584 khz,    TYPE I
154,     RANCHI,                          100 KW MW             ,               549 khz,   TYPE IIUPLINK RNU
155,     DHANBAD,             LPT Relay,   100 W FM             ,            100.1 MHz,
156,     CHATRA,              LPT Relay,   100 W FM             ,            100.1 MHz,
157,     GHATSHILA,           LPT Relay,   100 W FM             ,            100.1 MHz,
158,     GUMLA,               LPT Relay,   100 W FM             ,            100.1 MHz,
159,     BOKARO,              LPT Relay,   100 W FM             ,            100.1 MHz,
160,     GIRIDIH,             LPT Relay,   100 W FM             ,            100.1 MHz,
161,     DEOGHAR,             LPT Relay,   100 W FM             ,            100.1 MHz,
162,     DUMKA,               LPT Relay,   100 W FM             ,            100.1 MHz,
163,     BANGALORE,                    ,   200 KW MW            ,               612 khz, TYPE IV Uplink News on Phone RNU
164,     BHADRAWATI,                   ,   20 kW MW             ,               675 khz,    TYPE I
165,     BELLARY,                      ,   10 KW FM             ,             103.3 mhz,
166,     BIJAPUR,             LRS,         6 KW FM              ,              101.8 Mhz,    MP
167,     CHITRADURG,          LRS,         6 KW FM              ,             102.6 Mhz,    MP
168,     DHARWAD,                ,         200 KW MW            ,               765 khz,    TYPE III RNU
169,     GULBARGA,               ,         20 kW MW             ,              1107 khz,    TYPE-I
170,     HASSAN,                 ,         6 KW FM              ,              1107 khz,    MP
171,    HOSPET,                        LRS,         10 KW FM    ,                      102.2 Mhz,    MP
172,    KARWAR,                        LRS,         3 KW FM     ,                      100.5 Mhz,    MP
173,    MANGALORE/UDIPI,                  ,          20 kW MW   ,                        1089 khz,    MP
174,    MERCARA (Madikeri),               ,          6 KW FM    ,                           103.1,
175,    MYSORE,                           ,          10 kW FM   ,                        1017 khz,    MP
176,    RAICHUR,                        LRS,         6 KW FM    ,                       102.1 Mhz,    MP
177,    SRINGERI,                       RELAY,       100 W FM   ,                        101 MHz ,    DTH Kannada
178,    TUMKUR,                         LPT RELAY,   100 W FM   ,                      100.1 MHZ,
179,    HOSDURG,                        LPT RELAY,   100 W FM   ,                      100.1 MHZ,
180,    DAVANGERE,                      LPT RELAY,   100 W FM   ,                      100.1 MHZ,
181,    SAGAR,                          LPT RELAY,   100 W FM   ,                      100.1 MHZ,
182,    KUMTA,                          LPT RELAY,   100 W FM   ,                      100.1 MHZ,
183,    ALLEPPY (Alappuzha),            RELAY,       200 KW MW  ,                         576 khz,
184,   CALICUT (Kozhikode),                  ,      100 KW MW   ,                        684 khz,    TYPE III RNU
185,   CANNANOR (Kannur),                    ,      6 KW FM     ,                      101.5 Mhz,    MP
186,   COCHIN (Kochi),                 LRS   ,      10 KW FM    ,                      102.3 Mhz,    MP
187,    IDUKKI (DEVIKULAM),                  ,       6 KW FM    ,                       101.4 Mhz,    MP
188,    TRICHUR (Thrissur),                  ,       100 KW MW  ,                         630 khz,    TYPE I
189,    THIRUVANANTHAPURAM,                  ,       20 KW MW   ,                        1161 khz, TYPE IV Uplink News on Phone RNU
190,    MANJERI,                        LRS  ,       3 KW FM   ,                  102.7 Mhz, MP
191,    PUNALUR,                        LPT RELAY,   100 W FM  ,                         100.1 MHZ,
192,    KALPETTA,                       LPT RELAY,   100 W FM  ,                        100.1 MHZ,
193,    KASARGODE,                      LPT RELAY,   100 W FM  ,                       103.7 MHZ,
194,    BALAGHAT,                       LRS   ,      6 KW FM   ,                        101.3 Mhz, MP
195,    BETUL,                          LRS   ,      6 KW FM   ,                        103.1 Mhz, MP
196,    BHOPAL,                               ,      10 KW MW  ,                         1593 khz, TYPE III UPLINK RNU
197,    CHHATARPUR,                           ,      20 kW MW  ,                           675 khz,   TYPE I
198,    CHHINDWARA,                     LRS   ,      6 KW FM   ,                        102.2 Mhz,    MP
199,    GUNA,                           LRS   ,      6 KW FM   ,                        102.3 Mhz,    MP
200,    GAWALIOR,                             ,      20 kW MW  ,                         1386 khz,    TYPE I
201,    INDORE,                               ,      200 KW MW ,                           648 khz,   TYPE III RNU
202,    JABALPUR,                             ,      200 KW MW ,                           801 khz,   TYPE I
203,    KHANDWA,                        LRS   ,      6 KW FM   ,                        101.2 Mhz,    MP
204,    PANCHMARHI,                     RELAY ,      100 W FM   ,                       100.1MHz,
205,    REWA,                                 ,      20 kW MW   ,                        1179 khz,    TYPE II
206,    SAGAR,                          LRS   ,      6 KW FM    ,                       102.6 Mhz,    MP
207,    SHAHDOL,                              ,      6 KW FM    ,                         102 Mhz,    MP
208,    SHIVPURI,                             ,      6 KW FM    ,                       100.2 Mhz,    MP
209,    MANDLA,                         LRS   ,     1 KW FM     ,                      100.4 Mhz,    MP
210,    RAJGARH,                        LRS   ,      3 KW FM    ,                       100.7 Mhz,    MP
211,    NEEMUCH,                        LPT RELAY,   100 W FM   ,                       100.1 Mhz,
212,    MANDSAUR,                       LPT RELAY,   100 W FM   ,                       100.1 Mhz,
213,    SATNA,                          LPT RELAY,   100 W FM   ,                       100.1 Mhz,
214,    HARDA,                          LPT RELAY,   100 W FM   ,                       100.1 Mhz,
215,    CHANDERI,                       LPT RELAY,   100 W FM   ,                       100.1 Mhz,
216,    UJJAIN,                         RELAY    ,   5 KW FM    ,                       102.5 Mhz,    Studio with Field Production & Voice
217,    RATLAM,                         LPT RELAY,  100 W FM    ,                      100.1 Mhz,
218,    JHABUA,                         LPT RELAY,   100 W FM   ,                       100.1 Mhz,
219,    AHMEDNAGAR,                     LRS      ,   6 KW FM    ,                       100.1 Mhz, MP
220,    AKOLA,                          LRS      ,   6 KW FM    ,                       102.4 Mhz, MP
221,    AURANGABAD,                              ,   10 KW FM   ,                       101.7 Mhz, TYPE II UPLINK RNU
222,    BEED,                           LRS      ,   6 KW FM    ,                       102.9 Mhz, MP
223,    CHANDRAPUR,                     LRS      ,   6 KW FM    ,                         103 Mhz, MP
224,    DHULE,                          LRS      ,   6 KW FM    ,                       100.5 Mhz, MP
225,     GHARCHIROLI,               RELEY,       100 W FM       ,                   101.8MHz,
226,     JALGAON,                        ,       20 kW MW       ,                     963 khz, TYPE I
227,     KOLHAPUR,                       ,       6 KW FM        ,                   102.7 Mhz, MP
228,     MUMBAI,                         ,       100 KW MW 'A'  ,                    1044 khz, TYPE IV Plus UPLINK RNU
229,    NAGPUR,                          ,      300 KW MW       ,                    585 khz ,  TYPE III RNU
230,     NANDED,                    LRS  ,       6 KW FM        ,                  101.1 Mhz ,   MP
231,     NASIK,                     LRS  ,       6 KW FM        ,                  101.4 Mhz ,   MP
232,     OSMANABAD,                 LRS  ,       6 KW FM        ,                  101.3 Mhz ,   MP
233,     PARBHANI,                       ,       20 kW MW       ,                   1305 khz ,   TYPE I
234,     PUNE,                           ,       100 KW MW      ,                     792 khz,   TYPE IV RNU
235,     RATNAGIRI,                      ,       20 kW MW       ,                   1143 khz ,   TYPE I
236,     SANGLI,                         ,       20 kW MW       ,                   1251 khz ,   TYPE I
237,     SATARA,                    LRS  ,       6 KW FM        ,                  103.1 Mhz ,   MP
238,     SOLAPUR,                   LRS  ,       10 KW FM       ,                  103.4 Mhz ,   MP
239,     YAVATMAL,                  LRS  ,       6 KW FM        ,                  102.7 Mhz ,   MP
240,     ORAS (Sindhdurganagari),        ,       5 KW FM        ,                 103.60 Mhz ,   Playback with Voiceover recording & field
241,     BULDHANA,                  LPT RELAY,   100 W FM       ,                   100.1MHz,
242,     WARDHA,                    LPT RELAY,   100 W FM       ,                  100.1MHz,
243,     GONDIA,                    LPT RELAY,   100 W FM       ,                   100.1MHz,
244,     JALNA,                     LPT RELAY,   100 W FM       ,                   100.1MHz,
245,     MALEGAON,                  LPT RELAY,   100 W FM       ,                   100.1MHz,
246,     BRAHMPURI,                 LPT RELAY,   100 W FM       ,                   100.1MHz,
247,     AMRAVATI,                           ,   10 KW FM VB    ,                  101.5 MHz , Playback with Voiceover recording & field
248,     IMPHAL,                             ,   300 KW MW      ,                     882 khz , TYPE III Uplink News on Phone RNU
249,     CHURACHANDPUR,             LRS      ,   6 kW FM        ,                   101.4 Mhz ,MP
250,     SENAPATI,                  LPT RELAY,   100 W FM       ,                   100.1 Mhz,
251,     KANGPOKPI,                 LPT RELAY,   100 W FM       ,                   100.1 Mhz,
252,     PARBUNG,                   LPT RELAY,   100 W FM       ,                   100.1 Mhz,
253,     MOREH,                     LPT RELAY,   100 W FM       ,                   100.1 Mhz,
254,     CHANDEL,                   LPT RELAY,   100 W FM       ,                   100.1 Mhz,
255,     JOWAI,                     LRS     ,    6 KW FM        ,                   101.1 Mhz, MP
256,     NONGSTOIN,                 CRS     ,    1 kW MW        ,                    1485 khz, MP
257,     SHILLONG,                          ,    100 KW MW      ,                    864 khz, TYPE II  UPLINK RNU
258,     TURA,                              ,    20 kW MW       ,                   1233 khz, TYPE I
259,     WILLIAMNAGAR,              CRS     ,    1 kW MW        ,                   1602 khz, MP
260,     CHERRAPUNJI,               RELAY   ,    100 W FM       ,                  100.1 MHz,
261,     AIJAWL,                            ,    20 kW MW       ,                     540 khz, TYPE II  UPLINK RNU
262,     LUNGLEH,                           ,    6 KW FM        ,                   101.9 Mhz, MP
263,    SAIHA,                     CRS      ,   1 kW MW         ,                   1602 khz,
264,     RENGDIL,                   RELAY   ,    100 W FM       ,                   100.1 Mhz,
265,     LAISAWRAI,                 RELAY   ,    100 W FM       ,                   100.1 Mhz, MP
266,     LAWNGTLAI,                 LPT RELAY,   100 W FM       ,                   100.1 Mhz,
267,     KOHIMA,                             ,   100 KW MW      ,                     639 khz, TYPE III UPLINK RNU
268,    MOKOKCHUNG,                       LRS,         6 KW FM  ,                         100.9 Mhz, MP
269,    MON,                              CRS,         1 kW MW  ,                          1584 khz, MP
270,    TUENSANG,                         CRS,         1 kW MW  ,                          1602 khz, MP
271,    SAMTORE,                          LPT RELAY,   100 W FM ,                         100.1 Mhz,
272,    DIMAPUR,                          LPT RELAY,   100 W FM ,                         100.1 Mhz,
273,    BARIPADA,                         LRS      ,   5 KW FM  ,                         102.9 Mhz,    MP
274,    BERHAMPUR,                        LRS      ,   6 KW FM  ,                         100.6 Mhz,    MP
275,    BHAWANIPATNA,                              ,   200 KW MW,                          1206 khz,    TYPE I
276,    BOLANGIR,                         LRS      ,    6 KW FM ,                          101.9 Mhz,    MP
277,    CUTTACK,                                   ,   300 KW MW,                           972 khz,    TYPE IV UPLINK RNU
278,    JEYPORE,                                   ,   100 KW MW,                          1467 khz, TYPE I
279,    JORANDA,                          LRS      ,   1 kW MW  ,                           1485 khz,   MP
280,    KEONJHAR,                         LRS      ,   1 kW MW  ,                           1584 khz,   MP
281,    PURI,                             LRS      ,   3 KW FM  ,                         103.4 Mhz,    MP
282,    ROURKELA,                         LRS      ,   6 KW FM  ,                         102.6 Mhz,    MP
283,    SAMBALPUR,                                 ,   100 KW MW,                            945 khz,   TYPE I
284,    DEOGARH,                          LPT RELAY,   100 W FM ,                         101.0 Mhz,
285,    SORO,                             LRS      ,   1 KW MW  ,                          1485 KHz,    MP
286,    SUNDERGARH,                       LPT RELAY,   100 W FM,                                   ,
287,    ANGUL,                            LPT RELAY,   100 W FM,                                   ,
288,    PARADEEP,                         LPT RELAY,   100 W FM,                                   ,
289,    PARLAKHEMUNDI,                    LPT RELAY,   100 W FM,                                   ,
290,    BALIGUDA,                         LPT RELAY,   100 W FM,                                   ,
291,    RAYAGADA,                         LPT RELAY,   100 W FM,                                   ,
292,    NUAPARA,                          LPT RELAY,   100 W FM,                                   , 
293,    RAIRANGPUR,                                ,   1 kW FM  ,                        102.0 MHz, Studio with Voice-over recording &
294,    BHATINDA,                         LRS      ,   6 KW FM   ,                        101.1 Mhz,    MP
295,    JALLANDHAR,                                ,   300 KW MW ,                          873 khz,    TYPE IV UPLINK
296,    PATIALA,                          LRS      ,   6 KW FM   ,                        100.2 Mhz,    MP
297,    GURDASPUR,                        LPT RELAY,   100 W FM  ,                        100.1 Mhz,
298,    FEROZEPUR,                        LPT RELAY,   100 W FM  ,                        100.1 Mhz,
299,    LUDHIANA,                                  ,   5 kW FM   ,                        100.1 Mhz, Studio with Voice-over recording &
300,   AJMER,                               RELAY  ,     200 KW MW,                           603 khz,
301,    ALWAR,                               LRS   ,      10 KW FM,                          103.1 Mhz,    MP
302,    BANSWARA,                            LRS   ,      10 KW FM,                          101.3 Mhz,    MP
303,    BARMER,                                    ,      20 kW MW,                           1458 khz,    MP
304,    BIKANER,                                   ,      20 kW MW,                           1395 khz,    TYPE II
305,    CHITTORGARH,                      LRS      ,   10 KW FM   ,                       102.9 Mhz,    MP
306,    CHURU,                                     ,   6 KW FM    ,                       100.7 Mhz,    MP
307,    JAIPUR,                                    ,   1 kW MW    ,                        1476 khz,    TYPE IIIUplink News on phone RNU
308,    JAISALMER,                                 ,   10 KW FM   ,                       101.8 Mhz,    TYPE I
309,    JHALAWAR,                         LRS      ,   6 KW FM    ,                       103.2 Mhz,    MP
310,    JODHPUR,                                   ,   300 KW MW  ,                         531 khz,    TYPE III
311,    KOTA,                             LRS      ,   20 kW MW   ,                        1413 khz,    MP
312,    MOUNT ABU,                                 ,  6 KW FM     ,                      103.5 Mhz,    MP
313,    NAGAUR,                           LRS      ,   6 KW FM    ,                       103.7 Mhz,    MP
314,    SAWAI MADHOPUR,                   LRS      ,   6 KW FM    ,                       101.5 Mhz,    MP
315,    SURATGARH,                                 ,   300 KW MW  ,                         918 khz,    TYPE I
317,     NATHWARA,              LPT RELAY,      100 W FM          ,                100.1 Mhz,
318,     JHUNJHUNU,             LPT RELAY,      100 W FM          ,                100.1 Mhz,
319,     BHARATPUR,             LPT RELAY,      100 W FM          ,                100.1 Mhz,
320,     KARAULI,               LPT RELAY,      100 W FM          ,                100.1 Mhz,
321,     ANUPGARH,              LPT RELAY,      100 W FM          ,                100.1 Mhz,
322,     DUNGARPUR,                      ,      1 kW MW           ,                 1485 kHz, Transmission studio with voice - over
324,     RONGPO,                LPT RELAY ,     100 W FM          ,                100.1 Mhz,
325,     RONGLI,                LPT RELAY ,     100 W FM          ,                100.1 Mhz,
326,     YANGYANG,              LPT RELAY ,     100 W FM          ,                100.1 Mhz,
327,     TASHIDING,             LPT RELAY ,     100 W FM          ,                100.1 Mhz,
328,     ZORTHANG,              LPT RELAY ,     100 W FM          ,                100.1 Mhz,
329,     NAMCHI,                LPT RELAY ,     100 W FM          ,                100.1 Mhz,
330,     CHENNAI,                         ,     200 KW MW 'A'     ,                  720 khz, MULTI TRACK
331,     COIMBATORE,                      ,     20 kW MW          ,                   999 khz,   TYPE I
332,     KODAIKANAL,                      ,     10 KW FM          ,                100.5 Mhz,    MP(STEREO)
333,     MADURAI,                         ,     20 kW MW          ,                 1269 khz,    TYPE II
334,     NAGARCOIL,             LRS       ,     10 KW FM          ,                  101 Mhz,    MP
335,     OOTTACAMUND,                     ,     1 kW MW           ,                 1602 khz,    MP
336,     TIRUCHIRAPALLI,                  ,     100 KW MW         ,                   936 khz,   TYPE IV RNU
337,     TIRUNELVELI,                     ,     20 KW MW          ,                 1197 khz,    TYPE I
338,     TUTICORIN,                       ,     200 KW MW ,               1053 khz,    TYPE I
339,     DHARMAPURI,            LRS       ,    10 KW FM ,                      102.5 Mhz, MP
340,     SALEM (YERCAUD),       LPT RELAY ,     100 W FM ,                         100.9 Mhz,
341,     THANJAVUR,             LPT RELAY ,     100 W FM ,                         101.2 Mhz,
342,     RAMESHWARAM,           LPT RELAY ,     100 W FM ,                        100.1 MHZ,
343,     VELLORE,               LPT RELAY ,     100 W FM ,                        100.1 MHZ,
344,     TIRUPATTUR,            LPT RELAY ,     100 W FM ,                        100.1 MHZ,
345,     AGARTALA,                        ,     20 kW MW ,                          1269 khz, TYPE I  UPLINK RNU
346,     BELONIA,               LRS       ,     6 KW FM  ,                         103.7 Mhz,    MP
347,     KAILASHAHAR,           LRS       ,     6 KW FM  ,                         103.2 Mhz,    MP
348,     AMARPUR,               LPT RELAY ,     100 W FM ,                        100.1 MHZ,
349,     KHOWAI,                LPT RELAY ,     100 W FM ,                        100.1 MHZ,
350,    TELIMURA,              LPT RELAY  ,    100 W FM  ,                       100.1 MHZ,
351,     SABROOM,               LPT RELAY ,     100 W FM ,                        100.1 MHZ,
352,     DHARMANAGAR,                     ,     1 kW MW  ,                          1584 kHz,    Playback with Voiceover recording & field
353,     CHANDIGARH [1],        VB Exclusive,   6 KW FM  ,                         103.1 Mhz, STEREO
354,    SILVASA,                LPT RELAY,   100 W FM    ,                      100.1 Mhz,
355,    DAMAN [1],              LRS,         3 KW FM     ,                      102.3 Mhz, MP
356,    PONDICHERRY,                   ,     20 kW MW    ,                       1215 khz, MP RNU
357,    KARAIKAL,               LRS,         6 KW FM     ,                      100.3 Mhz, MP
358,    KAVARATTI,                 ,         1 kW MW     ,                       1584 khz, MP
359,    PORT BLAIR A&N,            ,         100 kW MW   ,                        684 khz, RNU
360,    AGRA,                      ,         20 kW MW    ,                       1530 khz, TYPE I
361,    ALIGARH,              RELAY,       6 KW FM,                  101.3 Mhz,
362,    ALLAHABAD,                 ,       20 kW MW,                           1026 khz,    TYPE III
363,    BAREILLY,             LRS,         6 KW FM ,                          100.4 Mhz,    MP
364,    FAIZABAD,             LRS,         6 KW FM ,                          101.9 Mhz,    MP
365,    GORAKHPUR,               ,       100 KW MW ,                          909 khz  ,  TYPE III RNU
366,    JHANSI,               LRS,         6 KW FM ,                            103 Mhz,    MP
367,    KANPUR,               VB EXCL,    1 kW FM  ,                         103.7 Mhz ,   TYPE I
368,    LUCKNOW,                     ,    300 KW MW  ,                          747 khz, TYPE IV Uplink News on Phone
369,    MATHURA,                     ,    1 kW MW  ,                         1584 khz  ,   TYPE I
370,    NAJIBABAD,                   ,    200 KW MW ,                         954 khz  ,   TYPE I
371,    OBRA,                        ,    6 KW FM ,                         102.7 Mhz  ,   MP
372,    RAMPUR,                      ,    20 kW MW,                           891 khz  ,   TYPE I
373,    VARANASI,                    ,                 100 KW MW ,                         1242 khz,     TYPE II UPLINK(Under installn.)
374,    BHARAICH,                         LPT RELAY,   100 W FM  ,                       100.1 Mhz,
375,    ORAI,                             LPT RELAY,   100 W FM  ,                       100.1 Mhz,
376,    BALRAMPUR,                        LPT RELAY,   100 W FM  ,                       100.1 Mhz,
377,    MAHOBA,                           LPT RELAY,   100 W FM  ,                       100.1 Mhz,
378,    PILIBHIT,                         LPT RELAY,   100 W FM  ,                       100.1 Mhz,
379,    HARDOI,                           LPT RELAY,   100 W FM  ,                       100.1 Mhz,
380,    LAKHIMPURKHERI,                   RELAY,       10 kW FM  ,                       102.3 Mhz,
381,    MAUNATH BHANJAN,                  RELAY,       10 kW FM  ,                       102.2 Mhz,
382,    RAEBAREILI,                            ,       5 kW FM   ,                       102.8 MHz ,    Studio with Voice-over recording & playback facility
383,    AMETHI,                                ,      5 kW FM    ,                      103.1 MHz, Studio with Voice-over recording &
384,    ALMORA,                                ,       1 kW MW   ,                          999 khz, TYPE I UPLINK
385,    BHATWARI,                         RELAY,       100 W FM  ,                        100.3MHz,
386,    GOPESHWAR(CHAMOLI),                    ,       1 kW MW   ,                         1485 khz, MP
387,     MUSSOORIE,                    RELAY   ,        10 KW FM ,               102.1 Mhz,
388,     PAURI,                                ,        1 kW MW  ,                         1602 khz, MP
389,     PITHORAGARH,                  RELAY   ,        1 kW MW  ,                         1602 khz,
390,     UTTARKASHI,                   RELAY   ,        1 kW MW  ,                         1602 khz,
391,     PRATAP NAGAR,                 LPT RELAY,       100 W FM ,                        100.1 MHz,
392,     BACHER,                       LPT RELAY,       100 W FM ,                        100.1 MHz,
393,     RAJGARHI,                     LPT RELAY,       100 W FM ,                        100.1 MHz,
394,     TANAKPUR,                     LPT RELAY,       100 W FM ,                        100.1 MHz,
395,     KHAETIKHAN,                   LPT RELAY,       100 W FM ,                        100.1 MHz,
396,     UKHIMATH,                     LPT RELAY,       100 W FM ,                        100.1 MHz,
397,     NAINITAL,                     LPT RELAY,       100 W FM ,                        100.1 MHz,
398,     KASHIPUR,                     LPT RELAY,       100 W FM ,                        100.1 MHz,
399,     KALAGARH,                     LPT RELAY,       100 W FM ,                        100.1 MHz,
400,     RANIKHET,                     LPT RELAY,       100 W FM ,                        100.1 MHz,
401,     ASANSOLE,                     RELAY    ,       6 KW FM RELAY ,                    100.3 Mhz,
402,     KOLKATA,                               ,      200 KW MW   ,                     657 khz, TYPE IV UPLINK RNU
403,     KURSEONG,                              ,       50 KW SW   ,                            ,   TYPE II RNU
404,     MURSHIDABAD,                  LRS      ,       6 KW FM    ,                      102.2 Mhz,   MP
405,     SHANTINIKETAN,                LRS      ,       3 KW FM    ,                      103.1 Mhz,   MP
406,     SILIGURI,                              ,       200 KW MW  ,                        711 khz,   TYPE I
407,     DARJEELING,                   LPT RELAY,       100 W FM   ,                      100.2 Mhz,
408,     BALURGHAT,                    LPT RELAY,       100 W FM   ,                     101.00 Mhz,
409,     MEDNIPUR,                     LPT RELAY,       100 W FM   ,                    100.1 Mhz,
410,     PURULIA,                      LPT RELAY,       100 W   FM ,                    100.1 Mhz,
411,     FARAKKA,                      LPT RELAY,       100 W   FM ,                    100.1 Mhz,
412,     KRISHNAGAR,                   LPT RELAY,       100 W   FM ,                    100.1 Mhz,
413,     COOCHBEHAR,                   LPT RELAY,       100 W   FM ,                    100.1 Mhz,
































































